"estimativa","ic_normal_cobre","amplitude_ic_normal","ic_boot_cobre","amplitude_ic_boot"
-0.00684408225313024,1,0.209649938436651,1,0.218844607085729
-0.038908971555298,1,0.209345728683942,1,0.213444463740406
0.0559667455151562,1,0.209010133705546,1,0.208610315811016
0.0645791966315225,1,0.208794840625012,1,0.208521283359549
0.00794583360990846,1,0.209646559611837,1,0.205984623726592
0.0727914105295498,1,0.208560894898561,1,0.195235101371352
0.0409976278075999,1,0.209311120347924,1,0.202261604068727
0.0868266730909975,1,0.208096294308858,1,0.197090739266342
-0.0386408695896228,1,0.20935004001244,1,0.209525203835857
0.00998713666041152,1,0.209638969007695,1,0.226778431880325
0.102654090179234,1,0.207474313044912,1,0.216436478502016
0.0166565491699383,1,0.209602122228094,1,0.206360020085848
0.0192893087017578,1,0.209582498613798,1,0.197467687308688
-0.0281357282886162,1,0.209495503147753,1,0.203537415114129
-0.123009143712204,0,0.206521579566775,0,0.199895497524866
0.0514225584102236,1,0.209111329078331,1,0.210242978689726
0.0178663604942876,1,0.20959346171271,1,0.205639998210841
0.064169523968262,1,0.208805778559479,1,0.219701557497107
-0.114579459520648,0,0.206936999798931,0,0.212780561347129
-0.00105784073678883,1,0.209659419246395,1,0.223311060723881
0.0889346932194579,1,0.208019454237874,1,0.201151927909273
-0.0725398121939903,1,0.208568477756972,1,0.211030282955098
-0.0909292591067832,1,0.207945052070972,1,0.205962541257036
0.0198499876733564,1,0.209577948242966,1,0.205316545339702
0.082481197925223,1,0.208248874700359,1,0.213266479477505
-0.0591840243308157,1,0.208933308617852,1,0.213224871095671
-0.0257938845302366,1,0.209521691491039,1,0.209167490455217
0.00105056418755999,1,0.209659422427627,1,0.214349235515991
0.0381591688032621,1,0.209357711308091,1,0.185811701316935
0.0377168747909776,1,0.209364670283934,1,0.206309472546367
-0.123745735203373,0,0.206483878502611,0,0.208046057309699
-0.0343108988724978,1,0.20941554123121,1,0.213186596817421
0.0702695354911739,1,0.20863571346175,1,0.205282959390057
-0.0630254727011192,1,0.208835955136691,1,0.209714662451517
0.0134251795653095,1,0.209622278372594,1,0.213510615394065
0.100380310744071,1,0.207570061594378,1,0.203294517400566
0.0533737132243339,1,0.209068927733541,1,0.21255902148184
-0.0447965747773245,1,0.209243534677652,1,0.196732574663323
-0.0273039906473381,1,0.209505064747613,1,0.211101916511504
-0.0132959228086362,1,0.20962299455753,1,0.208424372258711
-0.0559647883908417,1,0.209010179132814,1,0.207082057234865
-0.0142719247718396,1,0.209617415366668,1,0.191229248262062
-0.0150060571934192,1,0.209612958460995,1,0.213041723582319
-0.0504761968591058,1,0.209131326159034,1,0.200156902487841
-0.017627697379518,1,0.209595218259879,1,0.220885782822887
0.0336563503322691,1,0.209424766274851,1,0.199931348681061
0.0741623197397952,1,0.208519116027487,1,0.201220756658377
0.0453248352152942,1,0.209233662537787,1,0.195338032543822
0.0264522947653525,1,0.209514558470452,1,0.213381261411027
-0.0210857128237052,1,0.209567459004294,1,0.20316221973265
-0.0438579101660342,1,0.209260790901515,1,0.204769289611853
-0.0561251381023641,1,0.209006451950794,1,0.208452156061422
-0.0656651245969035,1,0.208765510348944,1,0.210074180053713
0.0132092560948067,1,0.209623470879484,1,0.215141379072191
0.0573308593715958,1,0.208978084457941,1,0.211935880096471
-0.0649354648220971,1,0.20878527194868,1,0.207056783171833
0.0279568947416342,1,0.209497583218473,1,0.197202840594008
0.00881939754478008,1,0.209643522779839,1,0.200398788969016
-0.0424344073334786,1,0.209286262963055,1,0.22095731935376
-0.0130929813808238,1,0.209624105034567,1,0.205364205854572
-0.00771593013463436,1,0.209647306237035,1,0.191811352209676
-0.00937796733347803,1,0.209641415109959,1,0.225328392710786
0.0246602982523725,1,0.209533551190584,1,0.20324734640204
-0.0441100463486216,1,0.209256191577608,1,0.205561107479717
0.00370375297544002,1,0.209656806822216,1,0.212256632706166
0.0311430742855303,1,0.209458536754536,1,0.199875296696571
0.0726281140005991,1,0.208565819442203,1,0.210734871870829
-0.0453064855625668,1,0.209234007396825,1,0.215467544263499
-0.0646766391322406,1,0.208792228738499,1,0.205875717087631
0.0634579519786909,1,0.208824611483274,1,0.200368644425232
0.00579536742279502,1,0.209652686975066,1,0.201957671628922
-0.0363090099362026,1,0.2093862812165,1,0.199194252128585
0.0201073491336945,1,0.209575815886981,1,0.222102717279196
0.0154440306176981,1,0.20961019308382,1,0.20681594270997
0.025197982996853,1,0.209527992316932,1,0.218171676755926
0.0126897907470654,1,0.209626260581506,1,0.212380924156136
0.0125104782403782,1,0.209627197567559,1,0.211684344360483
-0.0258771594399657,1,0.20952079924705,1,0.210314888930203
-0.0646827057339917,1,0.208792065996713,1,0.221431219839231
-0.0462396509099329,1,0.209216292669273,1,0.212802091543909
0.0748894407125673,1,0.208496640357235,1,0.206532615162898
0.0487990408501738,1,0.209165852756076,1,0.210713948094881
0.0716092765232588,1,0.208596294761931,1,0.206932764617449
0.036176365334681,1,0.209388274955764,1,0.202761257617357
0.024681652460829,1,0.20953333270567,1,0.201671040599243
0.0150872070472792,1,0.209612452082732,1,0.207086747935557
0.0925017449966196,1,0.207885230797458,1,0.195399930307593
0.0157868745558565,1,0.209607972847375,1,0.204950615299015
0.0337053321791028,1,0.209424082087938,1,0.203932959997586
0.00859551277010534,1,0.20964433124699,1,0.196310822861718
-0.0819418093768707,1,0.208267267366091,1,0.191864178239971
-0.0635386947670714,1,0.208822485056963,1,0.215668237143819
0.0413903461971107,1,0.209304411049455,1,0.192116985284698
0.0359785165554445,1,0.209391235198825,1,0.198238756640048
0.0484374047309728,1,0.209173144632343,1,0.219941549417545
0.0116401090510766,1,0.20963155618198,1,0.222046840232033
-0.071523665734378,1,0.208598835926784,1,0.204121896001175
-0.00877446080526378,1,0.209643686717691,1,0.22150606294788
0.0198262322225955,1,0.20957814368284,1,0.208146707530845
0.0366788261978712,1,0.209380684090831,1,0.22227390039245
0.0263562317159301,1,0.209515610390969,1,0.204183824004892
0.0115350105578214,1,0.209632061233414,1,0.202516607366818
0.0541420515705174,1,0.20905179731018,1,0.19975158436249
0.0481043226976775,1,0.209179812767082,1,0.20413258390304
-0.00274432307134378,1,0.209658089623411,1,0.220883953095914
0.00831947792158105,1,0.209645299418309,1,0.210316904925863
0.0322615692561489,1,0.209443831228991,1,0.211755380456852
0.0427312427916391,1,0.209281020765238,1,0.201040964574993
-0.0298978192582227,1,0.209474298486356,1,0.218231380061647
0.0496913091726423,1,0.209147629408504,1,0.207653457825488
-0.00798217961707992,1,0.209646439569409,1,0.198190401238746
-0.00888835562520039,1,0.209643269578951,1,0.21760225159531
0.0231765560975693,1,0.209548268972656,1,0.211070058286588
-0.0630848415016749,1,0.208834402525589,1,0.209766533404408
0.0426667129080625,1,0.20928216348993,1,0.198603771728294
-0.0816742779406319,1,0.208276345165056,1,0.207892234054475
-0.00700982906584051,1,0.209649462297493,1,0.207987574565884
0.0611889449722395,1,0.208883261784846,1,0.215109850004611
0.0966386905920508,1,0.207722950625311,1,0.214222889904787
-0.0613510395242722,1,0.20887914272667,1,0.212183331456572
0.00513988414463533,1,0.20965417327526,1,0.199568472400046
0.0719702764884418,1,0.208585545842563,1,0.214005701993333
0.0266258359963583,1,0.209512648437458,1,0.207646295486221
-0.0587950197802399,1,0.208942825805308,1,0.211900857443633
-0.0481737280463302,1,0.209178427102228,1,0.211274365468375
0.114649709520968,0,0.206933659714365,0,0.209411876244644
0.0138119509454055,1,0.209620093966873,1,0.199815869578079
0.00550136910761361,1,0.209653375649561,1,0.213745609864104
0.0251541778581234,1,0.209528449684195,1,0.196531978555867
-0.0901143905000502,1,0.207975648092332,1,0.203537306939636
-0.0036936551116939,1,0.209656822311277,1,0.210002240970067
0.0255263914938451,1,0.209524538072404,1,0.205861158668721
-0.0282010054659837,1,0.209494740583475,1,0.210898751316627
-0.0778377339878681,1,0.208403259353744,1,0.196298358082872
0.020313200793224,1,0.209574090540423,1,0.221340925210468
-0.0783759800930717,1,0.20838582225843,1,0.204343814071437
0.00118459110882306,1,0.209659360309893,1,0.201024704972669
0.0666806087667549,1,0.208737640105929,1,0.216558807344131
-0.0702803429701889,1,0.208635398456444,1,0.207233742928628
-0.0339713973967675,1,0.209420348260441,1,0.214086891406361
0.0616041351387139,1,0.208872689404299,1,0.213860891924759
0.0160204689715637,1,0.209606432182708,1,0.204730970701178
0.00642681027685476,1,0.209651086684457,1,0.212090623341512
0.0296591440831774,1,0.209477246056256,1,0.192551805426926
0.00489188935111162,1,0.20965468914063,1,0.206564598511383
0.0241824071376565,1,0.209538391244654,1,0.206369692811762
0.0386188328364804,1,0.209350393057984,1,0.212197748798162
-0.00429780533879835,1,0.20965582118905,1,0.196593742868424
-0.00496603541513423,1,0.209654537578853,1,0.217634318285043
-0.000227923323434117,1,0.209659640511036,1,0.210352129444455
0.00609018473751042,1,0.209651960386535,1,0.205753339159952
-0.146113198733574,0,0.205231763030437,0,0.20554470826885
-0.0200191290856039,1,0.209576549924114,1,0.22291973027073
-0.0826975895631926,1,0.208241462012529,1,0.200111270169113
0.0965122548224107,1,0.207728015534676,1,0.208831181805762
0.0263309204223014,1,0.209515886920517,1,0.206580962563411
-0.0396142497145142,1,0.209334244791664,1,0.214023386493817
0.00819869888457749,1,0.209645713103692,1,0.203618735005541
-0.0264696738451721,1,0.209514367755254,1,0.214806404769633
-0.0249494612011791,1,0.209530576570595,1,0.207342498100068
0.0565105346975639,1,0.20899745013837,1,0.199134699458251
0.0235477505404705,1,0.209544672594145,1,0.205924496444021
0.00648579004866221,1,0.209650928765944,1,0.208730999184477
-0.0416821921586913,1,0.209299383648885,1,0.213251604584463
0.0400049580166929,1,0.20932779417147,1,0.215062316947341
0.0249422397291455,1,0.209530651280096,1,0.20311636570429
0.0260194523585845,1,0.209519268002444,1,0.209669980373985
0.0196719616628762,1,0.209579407196286,1,0.20017221521571
0.0255275445976066,1,0.209524525865102,1,0.219132135301286
0.00663887229853265,1,0.209650512156376,1,0.199970035762942
0.0465083183402477,1,0.209211125462851,1,0.209917348152288
0.0295481383060432,1,0.209478608896429,1,0.20567772251973
-0.0246051715237098,1,0.209534114343704,1,0.203548716173208
0.0107999723510113,1,0.209635465413939,1,0.212648603256562
0.0143964319388949,1,0.209616675224812,1,0.211769217871616
0.0333211122275359,1,0.20942942222825,1,0.225079844459469
-0.131854030830978,0,0.206053983942264,0,0.205678639412351
0.00786187756768533,1,0.209646834804847,1,0.195535568676307
0.0819189436711131,1,0.20826804439913,1,0.214073296280292
-0.0493882277056788,1,0.20915385646244,1,0.21491820354625
-0.053712004717757,1,0.209061415555923,1,0.208024129982957
-0.0640399969577258,1,0.208809222341848,1,0.214639289601986
0.0315959528058898,1,0.20945264499859,1,0.222873082693419
0.0522494067335511,1,0.209093553297652,1,0.20524843402804
-0.074686808781966,1,0.208502925856281,1,0.199587399818796
0.0246208769408415,1,0.209533954031684,1,0.203450187303578
0.0641888860220644,1,0.208805263175491,1,0.212250193407082
-0.0275697943071992,1,0.209502040280185,1,0.207189749653703
0.0061990894228277,1,0.209651682869906,1,0.211637519516349
0.0376485142559937,1,0.209365738617331,1,0.204807920909653
0.0351471187438826,1,0.209403497245415,1,0.213133606972699
-0.0496146242904646,1,0.209149208561972,1,0.202552640920321
0.0215342665533166,1,0.209563494874232,1,0.208188743974542
-0.0671178063030198,1,0.208725509367214,1,0.209284120822002
0.0105124019462201,1,0.209636736260039,1,0.209617807457509
-0.00140609564184694,1,0.209659241319091,1,0.207418133309564
0.010473773370421,1,0.209636904356626,1,0.207197100505324
0.134110692404001,0,0.205929482279465,0,0.205913787969095
0.0455506526352839,1,0.209229407143987,1,0.216832919262518
0.00651108570075668,1,0.209650860594718,1,0.207295858986144
0.0230126998937416,1,0.20954983834068,1,0.223774133200303
0.0450120909684102,1,0.209239521085423,1,0.218809345761575
-0.00360627316675685,1,0.209656954579731,1,0.202440144328972
0.0705698223706694,1,0.208626942977333,1,0.198884937829439
0.162617198661377,0,0.204174671516722,0,0.201393609287799
0.0449939419164923,1,0.20923985982095,1,0.204765631716135
-0.0190085424414951,1,0.209584728273975,1,0.213408245833569
0.00104634878331118,1,0.209659424260514,1,0.209407003737249
-0.0320231679192956,1,0.209447009143966,1,0.209262511987374
-0.0492805188523569,1,0.209156060251884,1,0.212058556311942
0.00900606035038966,1,0.209642832833849,1,0.204822475988765
-0.0843176105880686,1,0.208185349582837,1,0.217877577577368
0.0993711410740463,1,0.207611870154338,1,0.196464859618292
-0.00121525134014172,1,0.209659345052721,1,0.197287437528123
0.0571581262270963,1,0.208982185427248,1,0.205175354192231
0.0211438828212998,1,0.209566949631111,1,0.215508808982497
0.0195605235615034,1,0.209580313761498,1,0.189259253504567
0.0117816482381864,1,0.209630868775954,1,0.210910512282627
-0.0187599299288143,1,0.209586675299562,1,0.20557512512484
0.0607648112240094,1,0.208893988070443,1,0.19931962349422
0.0398777269487815,1,0.209329901716713,1,0.209411636175295
0.0688775550642566,1,0.20867588045473,1,0.197081369699948
0.0334333289395241,1,0.209427868896603,1,0.200366019847425
0.00604794705275724,1,0.209652066695076,1,0.217195279228424
-0.0117290674701389,1,0.209631125112157,1,0.200741404891067
-0.0346251022614169,1,0.209411049806281,1,0.208634025621795
0.0236911081593869,1,0.209543268354102,1,0.198836625371737
0.0283179047608455,1,0.209493370556411,1,0.221035893737919
-0.0376828184991198,1,0.209365202755422,1,0.214821486463259
-0.0928191193268777,1,0.207873032648688,1,0.213596162813897
0.0303136538945719,1,0.209469106609084,1,0.203768436249128
0.0402565336352449,1,0.209323607132517,1,0.204635733025933
0.00484579325616485,1,0.209654782216226,1,0.214896238259527
0.107712948401605,0,0.207253587943291,0,0.19940763641432
0.0371392717476544,1,0.20937363602443,1,0.215354134354708
0.0135251054616382,1,0.209621719955119,1,0.192159243228002
0.0598990835693336,1,0.208915650603041,1,0.196125770430932
-0.0172116748561045,1,0.209598223685016,1,0.203934972691784
0.00496726315380814,1,0.209654535050047,1,0.202785984098611
-0.0412134851022695,1,0.209307440505362,1,0.213252935929568
0.10043355461637,1,0.207567844034184,1,0.221468603887549
-0.0473197567166912,1,0.209195337532098,1,0.223950569041601
-0.0287950778301407,1,0.209487719438059,1,0.204966143448856
-0.102603345761341,1,0.207476473292699,1,0.229233856001952
-0.0143457758177978,1,0.209616977129516,1,0.215605806251809
0.045150080448131,1,0.209236941169272,1,0.198601714046796
0.00326392162545945,1,0.209657442284839,1,0.21003811046325
0.0307698076266463,1,0.209463328847335,1,0.190927098498369
0.00683224442946044,1,0.209649972007137,1,0.224014308965632
0.0732197985844168,1,0.208547923396215,1,0.205288771125688
-0.0743724983791157,1,0.208512641838881,1,0.202032969868112
0.0089316008759177,1,0.209643109784509,1,0.206185802915864
0.0306687247480784,1,0.209464616632133,1,0.204966071263282
0.0388754201426143,1,0.209346269853753,1,0.222173730168146
-0.00425449705489485,1,0.209655897990612,1,0.219966804351296
0.014276250627136,1,0.209617389759112,1,0.211538609538059
0.0461201009675635,1,0.209218582315251,1,0.208044582381538
-0.0213662921725006,1,0.209564989134476,1,0.197933432137868
0.0752082789464874,1,0.208486715732249,1,0.19998486949888
0.0657764084830197,1,0.208762477002739,1,0.212715817612984
0.0319972816391655,1,0.209447352792107,1,0.217245831661638
-0.0723761885841287,1,0.208573395074784,1,0.212018783735092
-0.010577454783251,1,0.209636451776734,1,0.20938605649475
-0.0201398320766106,1,0.209575544798817,1,0.19755351789036
-0.023109730346737,1,0.209548910355222,1,0.211319558528042
0.0367206853554446,1,0.209380046983852,1,0.21835912926309
0.0616775825355516,1,0.208870811699977,1,0.214929486034966
0.00340972328813772,1,0.209657240521837,1,0.187062552111432
0.0469576460240233,1,0.209202416762089,1,0.202824748398521
-0.0114083138273901,1,0.209632663985694,1,0.205699286752034
-0.0136929395587598,1,0.209620772726643,1,0.193092209601449
0.0850536165918036,1,0.208159496918791,1,0.222689193386256
0.0271021702444381,1,0.209507341606246,1,0.2066376940515
-0.0313687958268126,1,0.209455610846468,1,0.211929715404283
-0.045471022795503,1,0.209230910134677,1,0.211230541581774
0.0450180515926016,1,0.209239409805998,1,0.192030385419886
0.0509418693083939,1,0.209121532696467,1,0.19772743813855
0.00328112523928692,1,0.209657418936908,1,0.205937612095437
0.0986457945350675,1,0.207641659249085,1,0.214489271306139
0.0280855227389132,1,0.209496088443849,1,0.201909695203212
0.0389401794447472,1,0.209345224895042,1,0.203350124695927
-0.0423589561313676,1,0.209287589627335,1,0.212835818424935
0.031127830395867,1,0.209458733591237,1,0.207412959282078
-0.0621963870745169,1,0.208857484580435,1,0.212875292370557
0.0569561658414035,1,0.208986964604736,1,0.212579404775219
0.0214505820661971,1,0.209564240774258,1,0.216200400784325
0.000871123387086871,1,0.209659493929899,1,0.209875726933794
-0.00586219405085234,1,0.209652525437535,1,0.21119844010117
0.0106231898999485,1,0.209636250721314,1,0.212069168156012
0.027167288028737,1,0.209506608818865,1,0.214317391522743
-0.0316362607899651,1,0.209452116486583,1,0.211873145292119
0.0286837708569485,1,0.209489046081366,1,0.195995835164621
-0.0971823812131989,1,0.20770109524666,1,0.213666452925043
0.0017305744234178,1,0.209659030276059,1,0.195144112050118
0.0317839523214134,1,0.209450174220432,1,0.210358744541971
0.0239177600904708,1,0.209541030825771,1,0.217702545991737
0.0213632247220313,1,0.209565016312993,1,0.197575691748664
-0.0192613563266289,1,0.209582722058463,1,0.199331479706937
-0.00877891666311897,1,0.209643670499268,1,0.202257070038199
-0.114957284759325,0,0.206919011720527,0,0.208940574042708
-0.0119211448739712,1,0.209630183160729,1,0.210909760594795
-0.0608939055207889,1,0.208890731192673,1,0.214672983536093
-0.00296844973462545,1,0.209657824128372,1,0.216444936147274
0.060478588901538,1,0.208901184424803,1,0.204944008061244
0.0217679427770902,1,0.209561396683771,1,0.206529300428814
0.0779007784788228,1,0.20840122317032,1,0.214192785633555
0.00613165731002523,1,0.20965185528384,1,0.219060179752396
0.00604361708724283,1,0.209652077551408,1,0.218178405105962
-0.0273741911206342,1,0.20950426881355,1,0.203805563289473
-0.0344723006251902,1,0.209413239165252,1,0.206275571369969
-0.0855727092752224,1,0.208141128309534,1,0.214075829049573
-0.0317448785004779,1,0.209450688953688,1,0.214438507270012
0.0582798113146586,1,0.208955334013237,1,0.215444491157023
-0.0838003853532864,1,0.208203382966028,1,0.219017083498502
0.0103709309386149,1,0.209637348870137,1,0.19695715446591
0.0462877866851907,1,0.209215369088701,1,0.211719381282401
-0.0597130982991283,1,0.208920263820817,1,0.201367446829186
-0.0301509721543619,1,0.20947114630186,1,0.215982821053431
0.00645259036280004,1,0.209651017835675,1,0.212425665478225
-0.0016161356454118,1,0.209659109691907,1,0.219889294472387
0.00545268554701218,1,0.209653486228744,1,0.21105327469881
0.0640637570877466,1,0.208808591143747,1,0.213324782294395
0.022682959511199,1,0.20955296274998,1,0.217206083325406
0.0686547698223864,1,0.208682234527638,1,0.20981945329924
-0.0275297762847636,1,0.209502497501991,1,0.201363252640499
0.0165333076003925,1,0.209602970394526,1,0.209947442920014
0.13234036538237,0,0.206027331245639,0,0.210059567912489
-0.0162646026504319,1,0.209604797822462,1,0.192742114177274
0.0330765394377918,1,0.209432789570274,1,0.19871140687363
0.164453963361259,0,0.204050028787015,0,0.20036527384682
-0.0134313042414202,1,0.209622244265097,1,0.212164259252564
0.0670736235907858,1,0.208726738888289,1,0.216912071988641
-0.0880709291414782,1,0.208051162527966,1,0.216462079569808
0.0569464295443521,1,0.208987194576358,1,0.221303894063308
0.0897386394792559,1,0.207989663669085,1,0.206555052311837
-0.0814364869666437,1,0.20828438889225,1,0.211479284693276
-0.00341838510785353,1,0.209657228258024,1,0.210265702184919
0.0400221550153143,1,0.209327508793173,1,0.209651504375575
0.074254213261488,1,0.208516287661564,1,0.199649602292244
0.0764913932674113,1,0.20844634926265,1,0.19910651121402
-0.000180841156272687,1,0.209659644501703,1,0.20524426998057
0.0521122047829164,1,0.209096522521265,1,0.228690961076094
0.0404054359500329,1,0.209321116545898,1,0.206383921506505
0.0212417875371332,1,0.209566089147095,1,0.209316068272907
0.0209894044663695,1,0.209568299255971,1,0.203131089543319
0.0489084725463741,1,0.209163635531283,1,0.20199232103463
0.03653953005282,1,0.209382798980512,1,0.201707829493836
0.0674480930621271,1,0.208716292459333,1,0.219476103732247
0.0552099480431848,1,0.209027581429288,1,0.199100261339444
-0.0328537665312356,1,0.209435835176054,1,0.208073696450647
-0.133267559172289,0,0.205976245967673,0,0.209576247259748
0.0898345216838195,1,0.207986092813844,1,0.196009963111585
-0.0240409790256094,1,0.209539805457731,1,0.207896307461722
0.0181232546318913,1,0.209591544588111,1,0.19874349643372
-0.0232961883023883,1,0.209547116136912,1,0.213952858133354
0.0361264136440788,1,0.209389023872453,1,0.204569784235622
-0.0172936249771091,1,0.209597637338838,1,0.204515405459335
-0.00759794535839073,1,0.209647680888554,1,0.2077785436059
0.0168238311093738,1,0.209600960891891,1,0.199050240770443
0.0004434142673756,1,0.209659610513482,1,0.211155608399938
0.0189705317165457,1,0.209585027617467,1,0.225532142034406
-0.0412442109686526,1,0.209306915132771,1,0.214557146108867
-0.0548971294862435,1,0.209034723966764,1,0.2075347845079
-0.0196748859602017,1,0.209579383337353,1,0.210429718182326
0.0493019574480561,1,0.209155621988587,1,0.223001371813325
0.0713853223441364,1,0.208602935914426,1,0.207166607731082
-0.0131447116643692,1,0.209623823593155,1,0.204385175403405
-0.0196808509878576,1,0.209579334658531,1,0.215892343334192
0.02317694197644,1,0.209548265263676,1,0.220086355817988
0.00373581122254138,1,0.209656757368008,1,0.203761962087391
0.00234928757490501,1,0.209658506855575,1,0.224901848363889
-0.00416789187723187,1,0.209656049240538,1,0.21128547263957
-0.0496565267261586,1,0.209148345977383,1,0.203016648939679
-0.0135527399099385,1,0.209621564794142,1,0.20839708340467
0.0366193617934105,1,0.209381587904668,1,0.213847764742947
0.0443882900838234,1,0.209251085410259,1,0.208909191596482
-0.0226548586861004,1,0.209553226930291,1,0.210032745553179
0.00311421284159763,1,0.209657640281061,1,0.205136317668447
-0.00116357172329755,1,0.209659370544333,1,0.204571816754636
0.0505181414379534,1,0.209130447717101,1,0.21903674226633
-0.0582924725065631,1,0.20895502794506,1,0.205671740801978
-0.0445713617684695,1,0.209247708270839,1,0.20192754242225
0.0882853766455592,1,0.208043319169533,1,0.198626796810012
-0.0393864646909497,1,0.209337976321611,1,0.204806472928034
0.0346582443716605,1,0.209410573664467,1,0.222306178839932
0.0296144363445981,1,0.209477795556767,1,0.201034870009744
0.0765395904763925,1,0.208444819679827,1,0.213192158979252
-0.0233587306848634,1,0.209546511084624,1,0.228489335257374
-0.0566633541211585,1,0.20899386363524,1,0.210052521764453
0.0287103057743374,1,0.209488730283983,1,0.211751490587265
-0.0469342039620858,1,0.20920287317781,1,0.1984869702328
0.0104470667460149,1,0.209637020211689,1,0.206038725019158
-0.0166370172718515,1,0.209602257069498,1,0.204214286978109
-0.0334548059559897,1,0.209427571010965,1,0.207506127503629
0.0521992458047171,1,0.209094639749037,1,0.19503436614381
-0.120762215246403,0,0.206635192979469,0,0.200548842781645
0.0225042629591099,1,0.209554637124266,1,0.208316264565945
-0.0257981621593546,1,0.209521645728713,1,0.208863460874242
-0.0682467276013434,1,0.208693818936562,1,0.201357097604562
-0.00186308342410677,1,0.209658931534953,1,0.209469343117811
0.0809719065894092,1,0.208300036506472,1,0.210192097763085
-0.0336371393866496,1,0.209425034344998,1,0.206971573807879
0.0411927842748406,1,0.209307794241977,1,0.192825859001613
-0.06427832704502,1,0.208802880393566,1,0.2089905062724
-0.001525707155763,1,0.209659168604157,1,0.213656131906605
-0.00211634775680205,1,0.209658722551971,1,0.195665882640039
0.0431895455537425,1,0.209272855238642,1,0.202846899461482
0.0818286730768581,1,0.208271109897776,1,0.207535589118083
-0.103199786143556,1,0.207451014608721,1,0.206949215096361
0.0457948196039988,1,0.209224782165668,1,0.209779998991823
-0.0223548202543413,1,0.209556027223384,1,0.204714839706925
-0.00570863756258029,1,0.209652893862387,1,0.215349602412223
0.00222440763250458,1,0.209658625289416,1,0.207009586970269
0.0641683253552251,1,0.208805810459349,1,0.20041766126838
0.0164006167352762,1,0.209603876550483,1,0.222600709055011
-0.0285651085662538,1,0.209490454732314,1,0.214662001095351
0.0506172820075801,1,0.209128368523317,1,0.199287972559097
0.0789039563595232,1,0.208368601090145,1,0.218026701499307
0.0149516913560045,1,0.209613296178247,1,0.21364194644474
-0.0173290673436863,1,0.20959738288895,1,0.210050302205616
0.00543611622119351,1,0.209653523639894,1,0.209884427474914
-0.0315201445676514,1,0.209453637159015,1,0.200861618454657
0.0643130802324188,1,0.20880195364504,1,0.225529861607577
-0.0647384163927083,1,0.208790570796748,1,0.209945152756616
0.0423316402878976,1,0.209288069341757,1,0.218015458561126
0.0739087983317453,1,0.208526900929813,1,0.208720122946397
-0.0251273847890787,1,0.20952872903705,1,0.209894515527656
0.0599318162402193,1,0.208914837210129,1,0.211940435426506
-0.0276678978573241,1,0.209500916598291,1,0.205176763750048
0.0254264011667358,1,0.209525594520171,1,0.212612446458731
-0.0123975615243049,1,0.209627780764346,1,0.206319728131501
-0.00522016353219005,1,0.209654000817829,1,0.195391914415895
0.0590247724681466,1,0.208937212381499,1,0.211540363706769
0.0122043175843645,1,0.209628766570354,1,0.216748692898608
-0.0110827119082156,1,0.209634182480387,1,0.185368280664114
0.0812348201547655,1,0.208291192266942,1,0.22502833468142
0.00739829472752928,1,0.209648301713931,1,0.209996851869077
-0.0969952618456881,1,0.207708630950096,1,0.208616769867829
0.0477199067713991,1,0.20918745137947,1,0.215983055466828
0.114658523833692,0,0.206933240487175,0,0.210847436527826
-0.0334053864260863,1,0.20942825617215,1,0.204425271063799
0.0122019858677574,1,0.209628778370708,1,0.197041586136047
0.0746870134939451,1,0.208502919514856,1,0.208906665895977
-0.0365989907956728,1,0.209381897191122,1,0.216724010360487
0.0349310347300016,1,0.209406637268639,1,0.207997797973831
-0.0329795007802663,1,0.209434118749609,1,0.182397916897308
-0.0184173433437878,1,0.209589316291271,1,0.202630640322282
0.0385075593893638,1,0.209352172667038,1,0.199706194090483
-0.097368619230858,1,0.207693580609986,1,0.200810588760535
0.00134095293146563,1,0.209659278425424,1,0.219010085981027
0.032532411859841,1,0.209440192267026,1,0.210346388529543
-0.03929074658969,1,0.209339537935479,1,0.212239464406936
-0.0761083510334877,1,0.208458471195982,1,0.20921210654717
0.0292573659755607,1,0.209482154540695,1,0.207389975455137
0.0577735088061195,1,0.208967518735716,1,0.219197844491904
0.0769681007922434,1,0.208431178136443,1,0.203923202445839
-0.00965118838166288,1,0.209640337031446,1,0.213207497232679
-0.0838856672113957,1,0.208200417202296,1,0.198433159788431
-0.103626196397275,1,0.207432723051785,1,0.208945537100487
-0.0242334995429779,1,0.209537878305485,1,0.202917776642857
0.0373727577568528,1,0.209370028441225,1,0.206306049594627
-0.0130396383533643,1,0.209624394087973,1,0.208289120004549
0.0679509160156343,1,0.20870217390652,1,0.213654081303179
-0.0277341620024793,1,0.209500155347619,1,0.212518221362468
0.0123223558458319,1,0.209628166255982,1,0.206758929267724
0.0737917744473914,1,0.208530485396936,1,0.211123042171381
0.0600971008557087,1,0.208910723169727,1,0.224147193563834
-0.0639709135477914,1,0.208811056242099,1,0.202677959714693
0.171828651557242,0,0.20353547123125,0,0.217848734201588
-0.00640551969699346,1,0.209651143335676,1,0.216895668898377
0.0163017158393517,1,0.209604547202695,1,0.198795728308225
0.0537693255856855,1,0.209060137972668,1,0.206911747635122
0.0740050948905295,1,0.208523947084158,1,0.205613524230048
0.0135971734599009,1,0.209621314646121,1,0.209230322697621
-0.0467602442642823,1,0.209206253042421,1,0.210528448133188
0.0239485871740836,1,0.209540724852107,1,0.209929871195718
-0.0353505539057879,1,0.20940052333069,1,0.215917255565464
0.0872587725985125,1,0.208080693956431,1,0.210549738424121
-0.0315106280086532,1,0.209453761541122,1,0.207589651095145
-0.0346269773873609,1,0.209411022879121,1,0.206953735614794
-0.00282514076966683,1,0.209657996290289,1,0.20428028453413
0.0144587446889494,1,0.209616302388249,1,0.213699686772439
-0.0988666835796811,1,0.207632610726709,1,0.211017174911235
0.020882483518557,1,0.209569227592372,1,0.21672383692598
-0.0289808662313932,1,0.209485493621,1,0.208576100300387
-0.0651887184716149,1,0.208778438027138,1,0.206347478254241
0.0263620458451091,1,0.20951554683324,1,0.214631646591044
0.047695721887959,1,0.20918792990057,1,0.218765664340722
-0.00814619273566212,1,0.20964589105808,1,0.200777106702366
-0.0283043372019794,1,0.209493529855128,1,0.196172672974788
0.0748109613936138,1,0.208499076751251,1,0.225027102489101
-0.0323631991908636,1,0.209442469325085,1,0.20898877775832
0.0667587515518809,1,0.208735477730083,1,0.195399151181224
-0.00376304584075271,1,0.209656715020062,1,0.204659543293479
0.0594367076413426,1,0.208927092967324,1,0.204282316679872
-0.0766973210705462,1,0.208439807216387,1,0.211457849671855
-0.0562113997445064,1,0.209004442466003,1,0.198081265138011
0.000726705872485176,1,0.209659541778153,1,0.197716603883027
0.0121076109025408,1,0.20962925409116,1,0.207052906461932
0.0173057906769325,1,0.209597550056862,1,0.206187101499598
0.0204801643017685,1,0.209572678227547,1,0.215407200430435
0.0268966958947558,1,0.209509642333124,1,0.214220488247882
-0.0135285678701301,1,0.209621700531858,1,0.200812358416695
-0.0581967295483242,1,0.20895734075927,1,0.199754267061242
0.0207034145172837,1,0.209570771731669,1,0.20473174383748
-0.00718402318538577,1,0.209648949613092,1,0.212568358862693
-0.0473849819564188,1,0.209194056604303,1,0.207900086548855
-0.0303417998908397,1,0.209468752602684,1,0.218562452682282
-0.0246974732400412,1,0.209533170713905,1,0.210678870888404
-0.0847924557559486,1,0.208168696080494,1,0.205247837296438
0.112446320842041,0,0.207037445910979,0,0.206319110908816
0.0196923834719288,1,0.209579240503505,1,0.198654351167709
-0.0113182357818357,1,0.209633088477728,1,0.205230086382491
-0.0239066370505947,1,0.209541141130545,1,0.209648638151711
-0.0265312172999255,1,0.209513691380171,1,0.209084790491972
0.0321397485216553,1,0.209445458057287,1,0.205456531253641
0.0170437845422725,1,0.209599416228132,1,0.210501078084236
0.00233608446038765,1,0.209658519682908,1,0.212214282417868
-0.0342298085386149,1,0.209416693741294,1,0.228566970814376
-0.0297274539934094,1,0.209476404861743,1,0.204773838634532
0.000534225752791829,1,0.209659592104253,1,0.196356125610558
0.00747289396276068,1,0.209648071677596,1,0.203730336761472
-0.00496350664037821,1,0.209654542785468,1,0.204528978878063
0.0397309228517186,1,0.209332325140746,1,0.188778333843358
-0.0244587650298248,1,0.209535603856806,1,0.208442330124922
-0.0840290729377722,1,0.208195423318262,1,0.212283259126539
-0.0339122627789113,1,0.209421180663935,1,0.212894778443024
0.0160967397007265,1,0.209605924240846,1,0.210616521245381
-0.0379095188800382,1,0.209361649229296,1,0.213946998031635
0.0572990067262499,1,0.208978841622889,1,0.20064586491419
0.0736526955715082,1,0.208534738024919,1,0.199191779955518
0.0265774126030748,1,0.209513182652335,1,0.210703388656429
0.0107363672352524,1,0.209635749454851,1,0.213694764034344
-0.0794376559120514,1,0.208351075704387,1,0.210869173179235
0.049910793314603,1,0.209143096142746,1,0.210163969316207
-0.0130789557409548,1,0.209624181150582,1,0.205528961062866
-0.00633073594623076,1,0.209651340834835,1,0.211063623744524
-0.0187968015710813,1,0.209586388155731,1,0.19712217472708
-0.129534827838014,0,0.206179733005248,0,0.215235221933048
-0.124932861230711,0,0.206422643650418,0,0.202703140361095
0.0403030312051372,1,0.209322830387087,1,0.203304114744052
-0.0666147936761924,1,0.208739459383252,1,0.202748731001391
0.0425496618410684,1,0.209284231876043,1,0.210016490692645
-0.0677068611623866,1,0.208709039718626,1,0.206818665316251
-0.00661069301125806,1,0.209650589575438,1,0.199305300854092
0.0503633740793118,1,0.209133685376113,1,0.21737530761843
-0.0294198973401503,1,0.209480176974176,1,0.215633047642569
0.0438513870903513,1,0.209260909541821,1,0.219099019495888
-0.0389464690865226,1,0.209345123312458,1,0.20894519672035
0.0177859106109083,1,0.209594056458676,1,0.204904462739988
-0.058125485623321,1,0.208959059295308,1,0.201802193900108
0.0259231576150761,1,0.209520305169324,1,0.212841097103347
0.131915934970463,0,0.206050596850771,0,0.213203594414398
-0.0702296421343436,1,0.208636875812829,1,0.199396311527679
0.0502683993895852,1,0.209135667282003,1,0.195439862528091
-0.0321914001843723,1,0.20944476903806,1,0.199634204740831
0.0381786496754644,1,0.209357402933987,1,0.200803480012555
-0.0188390400001494,1,0.209586058524296,1,0.213176480975928
-0.0085357167857332,1,0.209644543658041,1,0.203858448459858
0.0604947509577686,1,0.208900778975031,1,0.208008799501699
-0.0471336286435101,1,0.209198983111419,1,0.224723858162276
-0.0167341023895536,1,0.209601585266481,1,0.197194847876901
-0.0221344423708429,1,0.209558060253403,1,0.212518355246511
-0.0254163610883546,1,0.209525700369537,1,0.203429668984535
-0.0544425597026632,1,0.209045030741421,1,0.204095525949086
0.0271002579818015,1,0.209507363098855,1,0.203312756293683
-0.0512125258103778,1,0.209115799243204,1,0.216515445000537
0.0715624000368531,1,0.208597686562248,1,0.209179638019728
-0.0184985632654114,1,0.20958869457074,1,0.212553956375411
0.103700415312115,1,0.207429531601508,1,0.218038818518852
-0.044759723769195,1,0.209244219031164,1,0.208586849492378
0.00253477033386492,1,0.209658319010306,1,0.20560294135883
0.130596187591548,0,0.20612246235712,0,0.19854432256656
0.0116492762743404,1,0.209631511911627,1,0.200513475069207
0.0605227931115866,1,0.20890007523784,1,0.20585778937637
0.0417202551289123,1,0.209298725363942,1,0.199283980585169
-0.0916596942741019,1,0.207917392108453,1,0.221797436455327
-0.0258364569917137,1,0.209521235710295,1,0.205062174473482
-0.0272847154336353,1,0.209505282932651,1,0.211082668971753
0.0304889619316171,1,0.209466896321595,1,0.206773820067009
-0.0711166928797193,1,0.208610874423847,1,0.213458164743058
0.0235935122179741,1,0.209544225267978,1,0.218303793477948
-0.0129799391490727,1,0.209624716184656,1,0.210960003063208
-0.0319903059248927,1,0.209447445349272,1,0.21554281889464
-0.000300732719675421,1,0.209659632529684,1,0.202496203336426
-0.0476791760073618,1,0.209188257136914,1,0.186601422282386
-0.0270343217981039,1,0.209508103251717,1,0.198018858935932
-0.0268945292759154,1,0.209509666499789,1,0.198367928498962
0.105536566100087,0,0.207349848335088,0,0.19855405926178
-0.0216824927547866,1,0.209562166570214,1,0.212568064693883
0.000979405826674044,1,0.209659452380013,1,0.201964657274194
0.01215808435599,1,0.209629000126658,1,0.216112420570973
-0.0988249089629377,1,0.207634323539087,1,0.214225355138002
0.0406627824965265,1,0.209316790406498,1,0.208800105316655
0.0390799874798534,1,0.209342963015952,1,0.213924893257471
0.0349098107494402,1,0.209406944640298,1,0.217691115946352
-0.0872063043345512,1,0.208082592382509,1,0.210462433975329
0.126622708469306,0,0.206334468083278,0,0.206449746161726
0.0803509421853588,1,0.208320811483268,1,0.215634088366108
0.084715360981956,1,0.208171406266449,1,0.216493893116396
0.0344236183054761,1,0.209413934656935,1,0.201922806014504
0.0709106494789505,1,0.208616943109743,1,0.203168282091457
-0.0229854151626564,1,0.209550098584613,1,0.207389061636554
0.0281539346482312,1,0.209495290639805,1,0.208438472813104
-0.0533685467425981,1,0.20906904209359,1,0.206717736681567
0.0027761154731619,1,0.209658053230831,1,0.210264410201415
0.0424562536640956,1,0.20928587839654,1,0.207222261925736
-0.0809074598163142,1,0.208302200077017,1,0.202009206556798
0.022294873198812,1,0.20955658224123,1,0.222341403864462
0.0238759461075732,1,0.209541445219859,1,0.20945030991572
-0.00454845610696022,1,0.209655361414583,1,0.210777305891972
-0.0456481287059733,1,0.209227563730547,1,0.219106276274439
-0.0102175498619559,1,0.209638003676586,1,0.204338766162046
-0.016415656435621,1,0.209603774210141,1,0.215193299150338
-0.0696289810692089,1,0.208654297141021,1,0.211222390486798
0.0489010128462479,1,0.209163786832014,1,0.216221977710092
0.0264124483806475,1,0.209514995265365,1,0.205304767309419
-0.0231882380947712,1,0.209548156660589,1,0.211947358829285
-0.0672769707480609,1,0.208721073409419,1,0.210520265049673
0.0189323730033064,1,0.209585327523703,1,0.204370426558769
0.0510325315344401,1,0.209119615537135,1,0.208145458920131
-0.0578619095705402,1,0.208965398936836,1,0.19945489125426
-0.0298908021290561,1,0.209474385482979,1,0.200786143360426
-0.0323686231833633,1,0.209442396519824,1,0.210062929261306
-0.0484987155244634,1,0.209171912206358,1,0.199493764260071
-0.0587196437040172,1,0.208944662658277,1,0.205287056188643
0.00907471147290277,1,0.209642575450029,1,0.204008359237969
-0.0536819388224449,1,0.209062085127957,1,0.210890654702508
0.0465646177923179,1,0.209210038876845,1,0.205390194691095
-0.0348762702200804,1,0.209407430002773,1,0.201055685076904
-0.0673458686049987,1,0.20871914994764,1,0.199644859608316
-0.00150888177578463,1,0.209659179191345,1,0.207460902642961
-0.163407618970341,0,0.204121205443754,0,0.206360732286076
-0.0407400231801986,1,0.20931548658797,1,0.206756548771004
0.0350863914828102,1,0.209404381659586,1,0.207961552619813
-0.00711308965124716,1,0.20964915990196,1,0.211993229232863
-0.00168836943692374,1,0.209659060196749,1,0.219742774515056
0.115129007283015,0,0.206910816508402,0,0.205633200659619
-0.0319630647530835,1,0.209447806605079,1,0.217532568954792
-0.0280279396411165,1,0.209496758460288,1,0.207051078588912
0.0868105309867944,1,0.208096875596022,1,0.216361772375171
0.018344383568035,1,0.209589872449635,1,0.196541421805592
-0.0312596893591513,1,0.209457027773924,1,0.211611150396363
0.0299864822787716,1,0.209473197505109,1,0.217821889268071
0.027051742282229,1,0.209507907876969,1,0.205248011403089
0.0341150247237813,1,0.209418320463301,1,0.212729431403675
-0.0117028507588915,1,0.209631252492735,1,0.215064190449828
-0.080764419521381,1,0.208306995987974,1,0.214456406946431
-0.0282788142111002,1,0.209493829317452,1,0.205076571134977
-0.0543887368986003,1,0.20904624542802,1,0.200886744571719
-0.00014656380874609,1,0.209659646828767,1,0.203250592889941
0.00656018882345535,1,0.209650727505367,1,0.209399300542013
0.0149426104920543,1,0.209613352468548,1,0.207448110255123
-0.0703312575073941,1,0.208633913799934,1,0.213630494943633
-0.0141240291084025,1,0.209618286189243,1,0.197731085788167
0.0107456288457704,1,0.209635708199707,1,0.195885947933274
0.0940208615087336,1,0.207826465431766,1,0.205224210713488
0.0975836679147396,1,0.207684885568157,1,0.203332647683712
0.0348298518336106,1,0.209408100950074,1,0.218557910390183
-0.0273181331092102,1,0.209504904564559,1,0.221328174324804
0.0403305710779637,1,0.209322369908583,1,0.206693384420927
-0.105641505303724,0,0.207345252029849,1,0.212665071277201
0.0214206794589195,1,0.209564506599097,1,0.197863545866307
0.0323063553289094,1,0.209443231595875,1,0.21376398532561
-0.0721692391917347,1,0.208579598538214,1,0.212997597033036
-0.0602658895183712,1,0.208906510216228,1,0.2043629469535
-0.0514319493860233,1,0.209111128781006,1,0.203709979258317
0.0470514871156376,1,0.209200587398454,1,0.199736619394461
-0.0607543693338162,1,0.208894251203279,1,0.205644762111202
0.0019388865293738,1,0.209658871774818,1,0.200008180594236
0.0137402966956441,1,0.209620503337474,1,0.216737503079405
0.00377353528775013,1,0.209656698627646,1,0.223858185814569
-0.0480205141105345,1,0.209181483326924,1,0.199885364493316
0.0254826963686128,1,0.209525000243315,1,0.209040530839738
0.0181985535012106,1,0.209590977468174,1,0.214318116418937
0.0258590707450024,1,0.20952099330179,1,0.203977449865182
0.0845856091096454,1,0.208175961989695,1,0.202450798603163
0.00327191062125081,1,0.209657431457816,1,0.200185510879464
-0.0329111210291816,1,0.209435053030217,1,0.203690225301454
-0.0739415212944733,1,0.20852589760188,1,0.202420534423253
-0.00516975402784241,1,0.209654109420533,1,0.21111714654939
-0.0510321346406942,1,0.209119623937349,1,0.215049916149622
0.0234756959753922,1,0.209545375176256,1,0.208171473158022
0.0093616252305355,1,0.209641478611574,1,0.221292331106838
0.0494019567744891,1,0.209153575211476,1,0.20972497437378
0.0959976616001551,1,0.207748561259224,1,0.206451914731729
0.0493734836713472,1,0.209154158418722,1,0.212510748814944
-0.0218903237135272,1,0.20956028878352,1,0.20951505870307
-0.0706869448825983,1,0.208623512037437,1,0.212342816279506
0.0396469553786711,1,0.209333707247083,1,0.199214107668083
0.065379938422783,1,0.208773260424995,1,0.2061565320762
-0.0857829606115295,1,0.208133656545161,1,0.214535042102814
0.0362680535911056,1,0.209386897597167,1,0.204517356593855
0.00639273709800596,1,0.209651177258049,1,0.202407574113445
-0.101658212482223,1,0.207516513389563,1,0.224753739930869
0.107649607664287,0,0.207256417248832,1,0.210824907626387
0.0425198819768677,1,0.209284757203305,1,0.206144824962097
-0.0298386883770512,1,0.209475030937308,1,0.213980300001382
-0.0646007139113643,1,0.208794264206364,1,0.209063315466703
-0.0179766508768139,1,0.209592642001166,1,0.206766044516969
0.0709523992271455,1,0.208615714859022,1,0.208603196891602
0.108308054931683,0,0.207226924396925,0,0.199221327167588
0.00753264562600101,1,0.209647885761065,1,0.218673982209916
-0.000991306750041319,1,0.209659447516839,1,0.201814854709696
-0.0320498153962476,1,0.209446655100413,1,0.215369631600837
0.00949476720537784,1,0.209640958028189,1,0.19453172843811
-0.0366176169075219,1,0.209381614403462,1,0.20060094641035
0.115538560438673,0,0.206891221762142,0,0.211856656323553
0.0366316065229595,1,0.20938140191397,1,0.207965939747603
0.00857427203817182,1,0.209644406869465,1,0.212567592836349
-0.119039622830234,0,0.206720874690933,0,0.208265593554215
-0.0143599134684938,1,0.209616892977786,1,0.210895660225305
-0.0531684962488464,1,0.209073461696024,1,0.214004885164508
-0.0764167603190339,1,0.208448715906413,1,0.200395907604531
0.0112204712657571,1,0.209633545384209,1,0.213084364376564
0.0251089326360258,1,0.209528921251804,1,0.219741665868113
0.0335887978497129,1,0.209425708227154,1,0.20820685197526
0.00125287066749543,1,0.209659325799938,1,0.215572502624699
-0.0108833087735224,1,0.209635090719862,1,0.205093205545469
-0.0746990259710645,1,0.20850254737028,1,0.203164529165259
0.0271516838560007,1,0.209506784576898,1,0.213072563699883
-0.03269422408215,1,0.20943800368762,1,0.204594197501301
0.00523449160993756,1,0.209653969756949,1,0.205382551647875
-0.00164623653371946,1,0.20965908932952,1,0.211538443746964
0.00465956926467371,1,0.209655149262132,1,0.215681581150539
0.0174824336445657,1,0.209596275828243,1,0.209065134292078
-0.00631862685805994,1,0.209651372595992,1,0.204930226413564
-0.0557351179858142,1,0.209015499032856,1,0.202517110475829
-0.0690230157573119,1,0.208671720649952,1,0.218781622540022
0.0195050796854776,1,0.209580762886894,1,0.208855629297731
0.0108048942359714,1,0.209635443364375,1,0.201954626655354
-0.0593200980252433,1,0.208929964689227,1,0.204326102888708
0.0680044937400271,1,0.208700663336995,1,0.224877248968198
-0.0161427504431013,1,0.209605616655431,1,0.207476334141941
-0.0280977144228154,1,0.209495946409352,1,0.199689380601165
-0.0114676567814448,1,0.209632382493865,1,0.212248125323655
0.0872169975112972,1,0.208082205570718,1,0.20792166356431
0.0435449094941846,1,0.209266463797175,1,0.203637735560915
0.0243050303631252,1,0.209537158357205,1,0.207507468946328
-0.0229057055692726,1,0.209550857092561,1,0.214390832196155
0.000636057799077911,1,0.20965956739319,1,0.204904710636456
0.066840682284647,1,0.208733207813472,1,0.205277195570729
-0.0575594270249889,1,0.208972638861753,1,0.206141716311047
0.0264935698058133,1,0.209514105320338,1,0.200418851954596
0.00977253120614104,1,0.209639848307912,1,0.21588790457873
0.0176118925459978,1,0.209595333748604,1,0.205029658857122
-0.0791775393515251,1,0.208359632057203,1,0.21411084096678
0.0743960775778905,1,0.208511914379218,1,0.215783035235547
0.0877169248705981,1,0.208064068388329,1,0.195201912360524
-0.0257570156052675,1,0.209522085602371,1,0.205344598697173
0.0713391621432684,1,0.208604302165878,1,0.20793005069972
0.0281145891578793,1,0.209495749715068,1,0.214621622731978
0.0463906121633506,1,0.209213392958255,1,0.210156721055088
0.0305198161416025,1,0.20946650599199,1,0.199856576242448
-0.00960795470566105,1,0.209640509685135,1,0.208892691516573
0.00833313468988101,1,0.209645252261236,1,0.216008398318002
0.0956493130593982,1,0.207762407104241,1,0.20966557445394
-0.0631513644087061,1,0.208832661083514,1,0.207759337815664
0.00181907591567474,1,0.209658965135414,1,0.208094736039751
-0.00853193158044008,1,0.209644557054181,1,0.202640670065575
0.0534599884952449,1,0.209067016394647,1,0.203592002038335
-0.0245724075597067,1,0.209534448450422,1,0.211876471725222
0.0223651451659537,1,0.209555931480076,1,0.211308630811158
-0.00984752695213862,1,0.209639543199845,1,0.202486939699365
-0.0796403385130094,1,0.208344389143281,1,0.213466656932884
0.100423351016241,1,0.20756826909623,0,0.197288733389927
0.00584699012240162,1,0.209652562352175,1,0.201733687361589
-0.0215062474329293,1,0.209563744938834,1,0.199829643656752
-0.0357455852530914,1,0.209394699543561,1,0.209589026181329
0.0366560531473299,1,0.2093810303972,1,0.205465256278946
-0.10246430639412,1,0.207482386881878,1,0.200347128199084
-0.0384692967954073,1,0.209352783418579,1,0.21543567259301
0.0642661371387442,1,0.208803205337945,1,0.210263321887091
-0.0092324598133845,1,0.209641976621205,1,0.191680410837268
-0.0263864775168765,1,0.209515279602765,1,0.209575835239287
0.0239395016744576,1,0.209540815071031,1,0.205379625671496
0.0474843813058204,1,0.209192101153664,1,0.205165049501192
-0.0247757819746484,1,0.209532367368366,1,0.201448358917667
0.0752205817547845,1,0.208486331931979,1,0.211756870809892
0.0505680739590081,1,0.209129401032901,1,0.217226087198098
0.0368878300848059,1,0.209377495754355,1,0.212891878600081
-0.0390362426262351,1,0.209343671611889,1,0.207346192974967
-0.0154434241140184,1,0.209610196968307,1,0.212730223129524
0.0859432954326749,1,0.208127946352251,1,0.196041851636378
-0.0566531073211024,1,0.208994104419316,1,0.206714804498466
-0.0856402600986919,1,0.208138729735576,1,0.189296196616685
0.0508315712234312,1,0.209123860482181,1,0.228695162732388
-0.0239052753822482,1,0.20954115463039,1,0.215598538709917
0.0532876276327116,1,0.209070831793011,1,0.208327382230098
-0.0444200796705989,1,0.209250499982308,1,0.205868039289071
-0.00816422399215755,1,0.209645830075256,1,0.206070978786707
0.0431494799759703,1,0.20927357255741,1,0.203424093693207
0.0231369415275236,1,0.209548649410313,1,0.206788867017129
0.0363994007143751,1,0.209384918400434,1,0.21613858865499
-0.0373095990721658,1,0.209371006534458,1,0.203606747975347
-0.0647273236816566,1,0.208790868613011,1,0.215175764832158
-0.00710372525304189,1,0.209649187507645,1,0.227153610180512
-0.0997261446299421,1,0.207597211014331,1,0.209826589457423
-0.0336276896387987,1,0.209425166150916,1,0.22457136227953
0.0621993773064118,1,0.208857407443347,1,0.196939590627321
0.0387859016302352,1,0.209347711464063,1,0.19615936790009
0.0218060903337238,1,0.209561052004735,1,0.204630712317124
-0.035226579476167,1,0.209402337692404,1,0.207704636657174
-0.00530140264842099,1,0.209653823577846,1,0.21251552150855
-0.0819456643144187,1,0.208267136344444,1,0.204911931636182
0.0686998213265146,1,0.2086809512715,1,0.206486100701493
0.0268637518754073,1,0.209510009583468,1,0.203113013864091
0.0498202054168685,1,0.209144969583386,1,0.201919105536236
-0.000592832305922978,1,0.209659578407793,1,0.205486680566234
-0.0800476979185654,1,0.208330898680898,1,0.207379707947559
0.0435727911532817,1,0.209265960112217,1,0.211473281415
0.0801672651032166,1,0.208326925922214,1,0.200375299028282
-0.0508504692404498,1,0.209123462007241,1,0.197295118305216
-0.011794562953283,1,0.209630805640105,1,0.202130352582075
-0.0609015207165506,1,0.208890538855467,1,0.212295867365709
0.0514498980288317,1,0.209110745857982,1,0.209140771296394
-0.0415685452399699,1,0.209301345554661,1,0.214960661754817
0.0262385652801247,1,0.20951689366036,1,0.211114648099532
0.0585913175189547,1,0.208947784440262,1,0.203965190927222
0.0136594528805021,1,0.209620962652908,1,0.219123003262037
-0.0454599613000041,1,0.209231118709231,1,0.195288199401545
-0.0269889720003968,1,0.20950861126987,1,0.208246562750975
0.0538342829284683,1,0.209058688538251,1,0.201675120390291
-0.00091619118694695,1,0.209659477227333,1,0.207683280975542
0.00841370260420564,1,0.2096449724846,1,0.220129024694808
0.0114229745943467,1,0.209632594578544,1,0.22070104025908
-0.0123941111074386,1,0.20962779850194,1,0.210163612072612
0.0251202628146552,1,0.20952880324288,1,0.210842518062426
0.0495187334693368,1,0.20915117978679,1,0.20591657457021
0.0206335118156585,1,0.209571370904444,1,0.220830825172294
-0.00141677540875573,1,0.209659235067815,1,0.202090777979989
-0.0789480518566443,1,0.208367157580569,1,0.190316790370854
0.0515164004966711,1,0.209109325904832,1,0.196219413775937
-0.0320736812579187,1,0.209446337763947,1,0.220930866775811
0.0539339055884408,1,0.209056462194178,1,0.206179619664041
-0.0622449949258968,1,0.208856230215062,1,0.19370837104655
0.00663033352903244,1,0.209650535650351,1,0.209915331524935
0.000457360913836692,1,0.209659607908516,1,0.210898216686648
-0.0595171073622361,1,0.208925109694159,1,0.211021898284696
0.0424279133149536,1,0.209286377240748,1,0.210608441253589
-0.0268949094205831,1,0.209509662259761,1,0.205795406718208
0.00756472371884483,1,0.209647785339678,1,0.217481823088715
-0.0130725091345092,1,0.209624216108427,1,0.209252014422545
0.0106017615113579,1,0.209636345030315,1,0.218838356223231
0.0048747941983718,1,0.209654723761356,1,0.214249061766464
0.00839570807237783,1,0.209645035205108,1,0.211024850998299
-0.0613444768834099,1,0.208879309704614,1,0.192370948251221
0.0284223426206189,1,0.209492141780401,1,0.205826431373361
0.0256248703847326,1,0.209523493540771,1,0.214299708551455
0.0383628290391611,1,0.209354479672603,1,0.214077417715654
0.0109557356862501,1,0.209634762737419,1,0.207578883310421
-0.0647296076472491,1,0.208790807297449,1,0.202545748905893
-0.0247785672735988,1,0.209532338747992,1,0.195708422602717
-0.025673430290595,1,0.209522977001973,1,0.204726362039225
0.0345250793677942,1,0.209412484040246,1,0.204889389267384
0.0514558760669249,1,0.209110618290628,1,0.198246082408716
0.068123864804548,1,0.208697293508885,1,0.205570414147164
0.0110439141999526,1,0.209634360487884,1,0.205662415657112
-0.0082744261231264,1,0.209645454434555,1,0.209857391807117
-0.0429762233720569,1,0.209276666812632,1,0.212227472264021
0.00975149841523513,1,0.209639933457613,1,0.192313291873259
0.0364534596878377,1,0.209384101737357,1,0.211008507315645
0.11571090907521,0,0.206882955064193,0,0.200177443497373
0.0762324284477032,1,0.208454551249457,1,0.203027058928014
0.0441654965913807,1,0.209255176548966,1,0.209311515974008
0.0389317732305294,1,0.209345360636291,1,0.215146499927499
0.0419384446195704,1,0.209294940262764,1,0.200972164672627
0.0224057048694687,1,0.209555554940397,1,0.214009986298445
0.0231207891836123,1,0.209548804342208,1,0.209421207896766
0.0406884326319662,1,0.209316357708036,1,0.206868299557928
0.0132738130054841,1,0.209623116369411,1,0.212350941944983
0.0557560368172504,1,0.209015015391589,1,0.201044574847455
0.00565262104939567,1,0.209653025827362,1,0.208539144721942
-0.0297822390415384,1,0.209475728819147,1,0.201276150669077
0.033557818800744,1,0.209426139566254,1,0.209975974127061
-0.0435507717082529,1,0.209266357922461,1,0.20950522415895
-0.0114472210421268,1,0.209632479595156,1,0.202328034309922
-0.144733699776692,0,0.205314997564997,0,0.199847868986514
-0.00966157900151953,1,0.209640295420968,1,0.195928614374963
-0.0303311935706493,1,0.209468886042303,1,0.20811490110257
0.0471677846725638,1,0.209198315194185,1,0.219270344304428
-0.0193279954658969,1,0.209582188826384,1,0.198839592675697
0.0116459622512418,1,0.209631527919729,1,0.210105715979031
-0.00159554517108715,1,0.209659123404343,1,0.196536737397299
-0.00523139641414587,1,0.209653976474026,1,0.21072672832497
0.0321666120598599,1,0.209445099843032,1,0.199777822113158
0.0709757176734928,1,0.208615028530615,1,0.207194901267933
-0.0345223163489228,1,0.209412523600437,1,0.210361896127181
0.0606550283573995,1,0.208896752307314,1,0.196294318218566
0.0279012166364619,1,0.209498228120872,1,0.205896689457664
-0.0595609888591161,1,0.208924026109104,1,0.199716952430991
-0.0369379939200336,1,0.209376727813286,1,0.215140197995172
-0.0335631690755904,1,0.209426065099738,1,0.206412626211076
-0.0828058377702,1,0.208237746583906,1,0.202661532964086
-0.0718530005226657,1,0.208589043710536,1,0.206116592290974
-0.00187576936771108,1,0.209658921699892,1,0.207666321645394
0.0726166562612851,1,0.208566164558634,1,0.209054194121706
0.0165953124902625,1,0.209602544455181,1,0.20551000901872
0.0120714037424424,1,0.209629435621955,1,0.20184999902453
-0.0782735269952201,1,0.208389150604983,1,0.207506376137981
0.0228227548699088,1,0.209551643644625,1,0.199281087621859
-0.047498248170848,1,0.209191828029668,1,0.195268832562419
0.0381511104556426,1,0.209357838822361,1,0.209969848748516
-0.0238294155662789,1,0.209541905504603,1,0.212082286314448
0.043281243353061,1,0.209271211010679,1,0.226638879453841
0.0680755833537214,1,0.208698657199276,1,0.194823400881315
-0.0420238400029913,1,0.209293453466999,1,0.219092058751825
0.00947242158553762,1,0.209641045912648,1,0.215393125441579
0.0858047110801968,1,0.208132882545422,1,0.216886617009404
-0.0497887580854616,1,0.209145619147088,1,0.215508459470192
0.0399280165326117,1,0.209329069486956,1,0.204353378199075
0.100628950409508,1,0.207559695891508,1,0.202233829413938
-0.0891406958360859,1,0.208011846278827,1,0.201062032238861
0.0450259620890336,1,0.209239262101478,1,0.215002392653304
0.0627241960853226,1,0.208843811577852,1,0.216014347428019
0.0250240514600108,1,0.209529803634117,1,0.19249866086092
0.0466740757627157,1,0.209207922562534,1,0.199842220448014
0.0549470583366249,1,0.209033586671334,1,0.201278531427785
0.010863174247077,1,0.20963518151183,1,0.216802113806303
0.0298378768263305,1,0.209475040979854,1,0.218459199764582
0.036937795924666,1,0.209376730846381,1,0.208569165323323
0.037750929785396,1,0.20936413735172,1,0.205102050954029
-0.0477112428290648,1,0.209187622831761,1,0.204257575832247
-0.134436109612177,0,0.205911354339129,0,0.202843728053272
0.0659432188925976,1,0.208757920507737,1,0.198198266415349
-0.0940372851142672,1,0.207825824870155,1,0.204798624199362
0.0551642523900597,1,0.209028627322595,1,0.215855260325277
-0.00529160295713789,1,0.209653845103072,1,0.221748755250049
-0.042774215651289,1,0.209280258824149,1,0.211657561111278
-0.0291704909219822,1,0.209483207081742,1,0.223017672037713
0.107804181969319,0,0.207249509793704,0,0.196504743776556
0.00593088608040097,1,0.20965235746055,1,0.218668648116334
0.0298455461236794,1,0.209474946065116,1,0.213233002555309
0.0658168490111768,1,0.208761373413052,1,0.204786321984401
-0.092932509678069,1,0.207868664404336,1,0.224151252090783
-0.0491005602676996,1,0.209159731579156,1,0.198450630599698
0.0185686643029497,1,0.209588155763179,1,0.20749852776069
0.0126279770448033,1,0.209626585091107,1,0.216009315358282
-0.0364762992381601,1,0.209383756338519,1,0.203555441810936
0.042537451858992,1,0.209284447308903,1,0.217326347787198
-0.0252308321471932,1,0.209527648818447,1,0.211946258849675
0.0177523382262624,1,0.209594303857187,1,0.214916517089002
-0.00163890342059343,1,0.20965909432478,1,0.215252363686543
-0.052656066562296,1,0.20908470679655,1,0.216828883593642
-0.0245796350300307,1,0.209534374787405,1,0.221773071148421
0.0410456331246659,1,0.209310303644885,1,0.207870224654118
-0.0127830877419609,1,0.209625767790151,1,0.198958382314021
-0.0945007580253398,1,0.207807702122935,1,0.212197278604922
-0.0345944832477027,1,0.209411489294743,1,0.196427473722114
-0.0874477572338968,1,0.208073846578074,1,0.203737349471376
-0.0412288398950856,1,0.209307178007201,1,0.201429862243076
-0.0106350309853739,1,0.209636198525538,1,0.212231805817262
0.0607677280162125,1,0.20889391455998,1,0.210225651530991
-0.0499196378017281,1,0.209142913048272,1,0.200205953263337
0.0123898210573163,1,0.20962782054896,1,0.219519814718428
-0.0307916575210675,1,0.209463049925068,1,0.209956778669829
-0.0360990419304892,1,0.209389433812719,1,0.212723099307454
0.0863830475087846,1,0.208112230197719,1,0.204459675884774
-0.0124636561333926,1,0.209627440037964,1,0.195336984461905
-0.0255486646781529,1,0.209524302180389,1,0.223313400127261
-0.0632251503422228,1,0.208830727362061,1,0.21364108485836
-0.0627912509179222,1,0.208842066235179,1,0.208184685246517
0.0263907017955744,1,0.209515233373047,1,0.214596712653872
-0.0627066080273236,1,0.208844269061412,1,0.205089118308775
-0.116781211657571,0,0.206831341997692,0,0.202380591069793
-0.0258608161494422,1,0.209520974583082,1,0.215316624234531
0.0527385352662487,1,0.209082904401869,1,0.220424068879747
0.0874575459304768,1,0.208073491505849,1,0.208008645007952
-0.0526368402569386,1,0.209085126591549,1,0.219405844259389
-0.069404381043482,1,0.208660772901969,1,0.205159797377877
-0.016836520560312,1,0.209600872323238,1,0.205671587542564
0.0851261866120462,1,0.208156935679081,1,0.212150950355782
0.0406614692863705,1,0.209316812552022,1,0.201879389937756
0.0156796558835729,1,0.20960867242756,1,0.203313908874052
0.053747790370422,1,0.209060618115293,1,0.209987115628423
-0.00926622352487955,1,0.209641847109904,1,0.199913851112341
-0.019639250824071,1,0.209579673837735,1,0.204105734590663
0.0191682988420276,1,0.209583463602887,1,0.202056838793483
-0.0373812154162713,1,0.209369897337914,1,0.20908077532472
0.0817319912724265,1,0.20827438936509,1,0.209086486986299
0.0682536908255026,1,0.20869362182837,1,0.212375009537196
0.0949485450577277,1,0.207790108064562,1,0.214335298938289
0.0885089353651006,1,0.208035122256178,1,0.200104869667061
-0.0292159239120593,1,0.209482657025476,1,0.206969268084214
-0.059668889752919,1,0.208921358268241,1,0.19101919797908
-0.0151697172906529,1,0.209611934415489,1,0.198210866172615
0.0577144510814891,1,0.208968933099412,1,0.2092720470333
0.0715834596843763,1,0.208597061397271,1,0.201811110844633
-0.0889659374569436,1,0.208018301478143,1,0.213786857009355
-0.00680197282941161,1,0.209650057589029,1,0.207768589154799
-0.0175973679474984,1,0.209595439791078,1,0.209879176887382
-0.0692375304841304,1,0.20866557005891,1,0.205436289778564
-0.0427330835638649,1,0.209280988142665,1,0.190148621051631
-0.082171846437415,1,0.208259438071123,1,0.209005404941563
0.0298765252032843,1,0.209474562421712,1,0.215155998213974
0.0397279810455084,1,0.209332373612368,1,0.200732596067724
-0.0276416370575931,1,0.209501217781743,1,0.198729681571505
0.0738446120736707,1,0.208528867672399,1,0.206198723033241
-0.0496495872924528,1,0.209148488879744,1,0.199295802109327
-0.0217275072965045,1,0.209561761376249,1,0.199510127110295
